{
  "name": "space-exploration",
  "version": "0.6.208",
  "title": "Space Exploration (Experimental)",
  "author": "Earendel",
  "dependencies": [
    "base >= 1.1.77",
    "aai-containers >= 0.2.7",
    "aai-industry >= 0.5.19",
    "alien-biomes >= 0.6.5",
    "jetpack >= 0.2.6",
    "robot_attrition >= 0.5.9",
    "shield-projector >= 0.1.3",
    "space-exploration-graphics >= 0.6.15",
    "space-exploration-graphics-2 >= 0.6.1",
    "space-exploration-graphics-3 >= 0.6.2",
    "space-exploration-graphics-4 >= 0.6.1",
    "space-exploration-graphics-5 >= 0.6.1",
    "~ space-exploration-menu-simulations >= 0.6.7",
    "~ space-exploration-postprocess >= 0.6.26",
    "informatron >= 0.2.1",
    "aai-signal-transmission >= 0.4.1",
    "simhelper >= 1.1.1",

    "? bullet-trails >= 0.6.1",
    "? grappling-gun >= 0.3.1",
    "? combat-mechanics-overhaul >= 0.6.15",
    "? equipment-gantry >= 0.1.1",
    "(?) Krastorio2 >= 1.3.11",

    "! angelsindustries",
    "! angelspetrochem",
    "! angelsrefining",
    "! angelssmelting",

    "! bobelectronics",
    "! bobores",
    "! bobplates",
    "! bobpower",
    "! bobrevamp",
    "! bobtech",
    "! bobvehicleequipment",
    "! bobwarfare",

    "! Yuoki",

    "! angelsinfiniteores",
    "! BiggerStacksPlus",
    "! BitersBegoneUpdated",
    "! bobmodules",
    "! bulkteleport",
    "! Clockwork",
    "! dangOreus",
    "! Darkstar_utilities",
    "! DeepMine",
    "! Explosive Excavation",
    "! FactorioExtended-Core",
    "! FactorioExtended-Plus-Core",
    "! IndustrialRevolution",
    "! infinite-resources-depletion",
    "! LandfillPainting",
    "! Li-Quarry",
    "! modmash",
    "! MoreScience",
    "! omnimatter",
    "! PersonalTeleporter",
    "! quarry-edit",
    "! rso-mod",
    "! SeaBlock",
    "! SchallMachineScaling",
    "! SchallOreConversion",
    "! sonaxaton-infinite-resources",
    "! Space-Exploration-Modpack",
    "! SpaceMod",
    "! TagToTeleport",
    "! TeamCoop",
    "! Teleportation_Redux",
    "! traintunnels",
    "! Unlimited-Resources",
    "! UnlimitedProductivity",
    "! vtk-deep-core-mining"
  ],
  "description": "Build Cargo Rockets to launch stuff into space. Ride a rocket into space yourself and start spacewalking. Build an orbital space platform to develop difficult data-driven space science. Build a spaceship tile by tile, fly it from a planet surface to other planets, moons, asteroid fields. Build interstellar death rays and deep space mining colonies. Explore ancient ruins on alien planets and relics lost in deep space.  Not recommended to play with non-dependency mods while in experimental phase.",
  "factorio_version": "1.1",
  "homepage": "https://spaceexploration.miraheze.org/wiki/Main_Page",
  "package": {
    "ignore": ["**"],
    "extra": [
      { 
        "root": ".build"
      }
    ],
    "scripts": {
      "datestamp": "sh ./build-scripts/datestamp.sh",
      "prepackage": "sh ./build-scripts/prepackage.sh",
      "postpublish": "sh ./build-scripts/postpublish.sh"
    }
  }
}
