{
  "name": "pyalienlife",
  "version": "2.1.4",
  "factorio_version": "1.1",
  "title": "Pyanodons AlienLife",
  "author": "Pyanodon, Nexela, Kingarthur",
  "contact": "",
  "homepage": "https://forums.factorio.com/viewtopic.php?f=94&t=51490&sid=f5d85f769fccb0ac398bf4036f829064",
  "description": "Add ways to make your base self sustain (mostly)",
  "dependencies": [
    "~ pyalienlifegraphics >= 1.0.0",
    "~ pyalienlifegraphics2 >= 1.0.0",
    "~ pyalienlifegraphics3 >= 1.0.0",
    "pyrawores >= 1.3.0",
    "pypetroleumhandling >= 1.3.4",
    "(?) pyhightech >= 1.5.0",
    "! pyveganism >= 0.0.1",
    "! omnimatter_wood"
  ],
  "package": {
    "ignore": [],
    "scripts": {}
  }
}
